rank,mmsi,vessel_type,proximity_score,trajectory_score,behavior_score,gap_score,confidence_pct
1,999999999,Tanker,0.012,0.0,0.0,1.0,35.4
2,200000004,Passenger,0.007,0.99,0.027,0.0,15.5
3,200000003,Cargo,0.014,0.977,0.02,0.0,15.4
4,200000010,Cargo,0.004,0.946,0.018,0.0,14.6
5,200000011,Tug,0.001,0.935,0.031,0.0,14.5
6,200000013,Cargo,0.014,0.83,0.013,0.0,13.1
7,200000002,Passenger,0.003,0.808,0.037,0.0,12.8
8,200000006,Tanker,0.01,0.769,0.024,0.0,12.2
9,200000001,Tug,0.001,0.779,0.025,0.0,12.1
10,200000009,Fishing,0.001,0.75,0.023,0.0,11.6
11,200000005,Fishing,0.01,0.345,0.018,0.0,5.8
12,200000007,Tanker,0.036,0.07,0.032,0.0,2.8
13,200000012,Tug,0.038,0.0,0.019,0.0,1.6
14,200000014,Passenger,0.01,0.0,0.014,0.0,0.6
15,200000000,Passenger,0.001,0.0,0.014,0.0,0.2
16,200000008,Tug,0.0,0.0,0.016,0.0,0.2
