mmsi,vessel_type,timestamp_h,lat,lon,sog_knots,cog_deg
200000000,Passenger,78.14264896698157,15.6915712902322,73.44525701122656,16.10648560853235,108.27418810091898
200000000,Passenger,78.24317549743813,15.683000874420177,73.47255688824836,16.212992670011484,109.4242150570319
200000000,Passenger,78.3437020278947,15.674430458608153,73.49985561909126,15.928510948664387,107.63115294255087
200000000,Passenger,78.44422855835126,15.66586004279613,73.52715320446225,17.150407272405157,104.41155428741656
200000000,Passenger,78.54475508880782,15.657289626984106,73.55444964506817,16.628481522933047,106.53854845442572
200000000,Passenger,78.64528161926438,15.648719211172082,73.58174494161575,16.26206874337405,107.95849126373903
200000000,Passenger,78.74580814972094,15.640148795360059,73.60903909481155,16.797682640477937,106.5359796570295
200000000,Passenger,78.8463346801775,15.631578379548035,73.636332105362,16.406919520669497,107.15425975443942
200000000,Passenger,78.94686121063407,15.623007963736011,73.6636239739734,17.070895504881147,108.1265272396246
200000000,Passenger,79.00828759962367,15.61777104077566,73.6756856902452,16.67394147861914,110.10139549194056
200000000,Passenger,79.10881413008023,15.609200624963636,73.70297572062479,15.791656984751912,106.36914838798143
200000000,Passenger,79.2093406605368,15.600630209151612,73.73026461090882,16.965864911865584,110.90845236324706
200000000,Passenger,79.30986719099336,15.592059793339589,73.75755236180308,16.753583265556905,107.63773737067113
200000000,Passenger,79.41039372144992,15.583489377527565,73.78483897401323,16.898233571087637,110.40419172969737
200000000,Passenger,79.51092025190648,15.574918961715541,73.81212444824476,16.25483251942458,110.82401298778056
200000000,Passenger,79.61144678236305,15.566348545903518,73.83940878520305,15.85934481561229,112.6047815160353
200000000,Passenger,79.71197331281961,15.557778130091494,73.86669198559332,16.729607384270523,110.6450317990221
200000000,Passenger,79.81249984327617,15.54920771427947,73.89397405012068,17.422145498303514,110.68071990861466
200000001,Tug,93.93519480795305,15.364385745656461,73.89796051852943,8.07801179232876,291.3159151095405
200000001,Tug,94.05857210077755,15.370210010749362,73.88025852624953,8.49599445380782,289.4690499131625
200000001,Tug,94.18194939360205,15.376034275842263,73.86255603921869,7.890516725943487,287.7343956187733
200000001,Tug,94.30532668642655,15.381858540935164,73.84485305722632,8.75102698516422,286.1691298539479
200000001,Tug,94.42870397925105,15.387682806028065,73.82714958006179,9.256287244596802,291.5061222936383
200000001,Tug,94.55208127207555,15.393507071120967,73.80944560751446,8.666629771278291,288.59978334636975
200000001,Tug,94.67545856490005,15.399331336213868,73.79174113937366,8.962452198380847,286.3487252103085
200000001,Tug,94.79883585772455,15.405155601306769,73.77403617542868,9.064216219467278,288.0980287698349
200000001,Tug,94.92221315054906,15.41097986639967,73.75633071546878,8.745086471261871,294.0958231837354
200000001,Tug,95.04559044337356,15.41680413149257,73.73862475928323,8.330848728378353,284.3486993488353
200000001,Tug,95.16896773619806,15.422628396585472,73.72091830666122,8.162719105185287,284.46632044734764
200000001,Tug,95.29234502902256,15.428452661678373,73.70321135739194,8.874603736622019,292.7565749418139
200000001,Tug,95.41572232184706,15.434276926771274,73.68550391126455,9.088090032907838,284.28023947663024
200000001,Tug,95.53909961467156,15.440101191864175,73.66779596806818,8.581336671174846,292.62188739359414
200000001,Tug,95.66247690749606,15.445925456957076,73.65008752759194,8.592585093650303,286.81279025394684
200000001,Tug,95.78585420032056,15.451749722049977,73.63237858962489,9.081259025020962,289.69458230212
200000001,Tug,95.90923149314506,15.457573987142878,73.61466915395609,9.36751305284936,292.3874132854782
200000001,Tug,96.03260878596956,15.463398252235779,73.59695922037454,9.442234665782813,292.39697431603844
200000001,Tug,96.15598607879406,15.46922251732868,73.57924878866925,7.995820647726784,290.8249261407586
200000001,Tug,96.27936337161856,15.47504678242158,73.56153785862915,8.918234206204469,288.4478700828166
200000001,Tug,96.40274066444306,15.480871047514482,73.5438264300432,9.216904377343761,287.6913839763344
200000001,Tug,96.52611795726756,15.486695312607383,73.5261145027003,8.298400434910922,287.760120854801
200000001,Tug,96.64949525009206,15.492519577700284,73.50840207638932,9.094276104795945,293.1736597696747
200000001,Tug,96.77287254291656,15.498343842793185,73.49068915089912,9.224628495622698,289.49852412395865
200000001,Tug,96.87562591832794,15.503194515748358,73.46449994958093,8.931791855379124,292.02836548936364
200000001,Tug,96.99900321115244,15.50901878084126,73.44678610862749,8.423479224558916,281.46777851467465
200000001,Tug,97.12238050397694,15.51484304593416,73.42907176789653,8.26917350233621,287.4710253826226
200000001,Tug,97.24575779680144,15.520667311027061,73.41135692717677,9.357375016318448,289.43679507311845
200000001,Tug,97.36913508962594,15.526491576119962,73.39364158625692,8.19385761505734,287.3860460157363
200000001,Tug,97.49251238245044,15.532315841212863,73.37592574492568,8.535555146844011,294.924867204089
200000001,Tug,97.61588967527494,15.538140106305764,73.3582094029717,8.880112574702006,285.14186799721773
200000001,Tug,97.73926696809944,15.543964371398665,73.34049256018359,8.408748905052441,290.1178105161261
200000001,Tug,97.86264426092394,15.549788636491567,73.32277521634997,8.51761423074944,291.2121234951223
200000001,Tug,97.98602155374844,15.555612901584468,73.30505737125941,8.850569384155207,286.07191002518636
200000001,Tug,98.10939884657294,15.561437166677369,73.28733902470044,8.444348204295427,291.15306970273235
200000001,Tug,98.23277613939744,15.56726143177027,73.26962017646159,8.714528130190102,289.83263943940017
200000001,Tug,98.35615343222194,15.57308569686317,73.25190082633134,8.406994109311231,297.3140637205659
200000001,Tug,98.47953072504644,15.578909961956072,73.23418097409814,8.735100805673333,292.993277572976
200000001,Tug,98.60290801787094,15.584734227048973,73.21646061955043,9.122106505660996,288.4604767603406
200000001,Tug,98.72628531069545,15.590558492141874,73.1987397624766,9.394781770369473,291.522734470979
200000001,Tug,98.84966260351995,15.596382757234775,73.18101840266505,8.461075755013814,289.82671797676295
200000001,Tug,98.97303989634445,15.602207022327676,73.16329653990408,9.016100545334451,287.22782445880534
200000001,Tug,99.09641718916895,15.608031287420577,73.14557417398204,9.460299420241025,290.58346238318074
200000001,Tug,99.21979448199345,15.613855552513478,73.12785130468721,9.291358082521647,290.0960541376136
200000001,Tug,99.34317177481795,15.619679817606379,73.11012793180785,8.843674222158329,293.39107587570936
200000001,Tug,99.46654906764245,15.62550408269928,73.09240405513219,8.171635406642487,284.38408681658547
200000001,Tug,99.58992636046695,15.63132834779218,73.07467967444843,9.557069140399827,284.527354166786
200000001,Tug,99.71330365329145,15.637152612885082,73.05695478954475,9.377194732598921,286.29853698687066
200000001,Tug,99.83668094611595,15.642976877977983,73.03922940020928,9.6189085133123,290.5979585060491
200000001,Tug,99.96005823894045,15.648801143070884,73.02150350623015,8.710088819286076,291.85004422982104
200000001,Tug,100.08343553176495,15.654625408163785,73.00377710739544,8.80385780986585,288.2406714201777
200000001,Tug,100.20681282458945,15.660449673256686,72.9860502034932,8.495902114331068,289.36654562705405
200000001,Tug,100.33019011741395,15.666273938349587,72.96832279431149,9.565933980893973,288.7428778785915
200000001,Tug,100.45356741023845,15.672098203442488,72.95059487963829,8.890518019656207,283.7343478388805
200000001,Tug,100.57694470306295,15.677922468535389,72.93286645926158,8.854792491295218,286.1199043534152
200000001,Tug,100.70032199588745,15.68374673362829,72.9151375329693,8.732468859663932,291.3603300969821
200000002,Passenger,80.97854345839573,15.16260058845159,73.89065945883016,6.490048230839018,274.48885818947326
200000002,Passenger,81.1062009404701,15.164553606541999,73.87554901627377,7.996601131067649,276.0568610209452
200000002,Passenger,81.23385842254447,15.166506624632406,73.86043843410975,6.64346177642569,276.40010016562803
200000002,Passenger,81.36151590461884,15.168459642722814,73.84532771231798,6.825639942431366,275.93767000420615
200000002,Passenger,81.48917338669321,15.170412660813222,73.8302168508783,7.0031863379622665,279.59504094469634
200000002,Passenger,81.61683086876758,15.17236567890363,73.81510584977059,7.015338342826957,283.80069461373876
200000002,Passenger,81.74448835084195,15.174318696994037,73.7999947089747,7.046796677472932,281.96946303770727
200000002,Passenger,81.87214583291632,15.176271715084445,73.78488342847048,6.186641149603845,279.4439950849799
200000002,Passenger,81.99980331499069,15.178224733174853,73.76977200823781,6.873967249146102,277.24607224522003
200000002,Passenger,82.12746079706505,15.18017775126526,73.75466044825653,5.832001805865068,276.8983795689452
200000002,Passenger,82.25511827913942,15.182130769355668,73.73954874850651,6.714865954619411,280.2691239752556
200000002,Passenger,82.3827757612138,15.184083787446076,73.72443690896759,6.780855388940423,276.31303662289866
200000002,Passenger,82.51043324328816,15.186036805536483,73.70932492961964,7.111990329854877,276.94301302301426
200000002,Passenger,82.63809072536253,15.187989823626891,73.69421281044251,6.442920091002003,273.8141538349418
200000002,Passenger,82.7657482074369,15.189942841717299,73.67910055141604,6.981232525120683,278.4991504773358
200000002,Passenger,82.89340568951127,15.191895859807707,73.6639881525201,6.621484916640011,276.4972861629114
200000002,Passenger,83.02106317158564,15.193848877898114,73.64887561373455,6.879263537512667,275.1239764801278
200000002,Passenger,83.14872065366,15.195801895988522,73.6337629350392,6.379415743770976,281.1694480092119
200000002,Passenger,83.27637813573438,15.19775491407893,73.61865011641393,7.330431852150716,282.19720472958807
200000002,Passenger,83.40403561780874,15.199707932169337,73.60353715783859,7.299978557192045,276.2683593777078
200000002,Passenger,83.53169309988311,15.201660950259745,73.58842405929302,6.042653646879882,273.2295403390513
200000002,Passenger,83.65935058195748,15.203613968350153,73.57331082075707,6.703567886803405,273.7579038211841
200000002,Passenger,83.78700806403185,15.20556698644056,73.5581974422106,6.650869910889167,276.65102068278856
200000002,Passenger,83.91466554610622,15.207520004530968,73.54308392363343,5.840864165601161,277.92551866133186
200000002,Passenger,84.04232302818059,15.209473022621376,73.52797026500542,6.198790830014336,279.1132988086922
200000002,Passenger,84.16998051025496,15.211426040711784,73.51285646630642,6.702015886314002,275.64469877396164
200000002,Passenger,84.29763799232933,15.213379058802191,73.49774252751625,6.222941285141708,274.15861867941015
200000002,Passenger,84.4252954744037,15.215332076892599,73.48262844861476,6.902479298389912,274.60900559399465
200000002,Passenger,84.55295295647807,15.217285094983007,73.4675142295818,7.190558708312475,279.3971971268159
200000002,Passenger,84.68061043855243,15.219238113073414,73.4523998703972,6.512652545354524,274.6437774748261
200000002,Passenger,84.8082679206268,15.221191131163822,73.43728537104082,7.133347275508741,274.8654410956878
200000002,Passenger,84.93592540270117,15.22314414925423,73.42217073149247,7.5276107497516165,271.5149900480819
200000002,Passenger,85.06358288477554,15.225097167344638,73.407055951732,6.51667868756031,276.1728359637686
200000002,Passenger,85.19124036684991,15.227050185435045,73.39194103173925,7.424750647013678,278.64561197736026
200000002,Passenger,85.31889784892428,15.229003203525453,73.37682597149404,7.434813348119809,278.6550003602924
200000002,Passenger,85.44655533099865,15.23095622161586,73.36171077097623,7.523260422314369,278.0303270395989
200000002,Passenger,85.57421281307302,15.232909239706268,73.34659543016564,6.858701724794469,281.3627307054937
200000002,Passenger,85.70187029514739,15.234862257796676,73.33147994904209,6.990807970117251,281.94486825341846
200000002,Passenger,85.82952777722176,15.236815275887084,73.31636432758543,6.447704284236805,277.88793025054366
200000002,Passenger,85.95718525929612,15.238768293977492,73.3012485657755,7.297232492382293,276.760910572276
200000002,Passenger,86.0848427413705,15.2407213120679,73.2861326635921,7.233253124123139,273.68930986042835
200000002,Passenger,86.21250022344486,15.242674330158307,73.27101662101508,7.047221827585562,278.67309844344595
200000002,Passenger,86.34015770551923,15.244627348248715,73.25590043802427,6.856819659643202,271.0077740033657
200000002,Passenger,86.4678151875936,15.246580366339122,73.24078411459949,6.526963641001411,279.5720306127105
200000002,Passenger,86.59547266966797,15.24853338442953,73.22566765072057,5.719404484926392,277.89817068693094
200000002,Passenger,86.72313015174234,15.250486402519938,73.21055104636733,6.57722471462263,279.641429698503
200000002,Passenger,86.85078763381671,15.252439420610346,73.1954343015196,5.987047981494389,280.24132143233777
200000002,Passenger,86.85770150414619,15.252545195168901,73.193407413435,6.789971475634344,279.7040527546145
200000002,Passenger,86.98535898622056,15.254498213259309,73.17829052046181,6.445586225904452,280.0500619826445
200000002,Passenger,87.11301646829493,15.256451231349716,73.1631734869527,8.029666791871772,275.77187951540793
200000002,Passenger,87.2406739503693,15.258404249440124,73.14805631288748,6.555427515756562,275.1373941383259
200000002,Passenger,87.36833143244367,15.260357267530532,73.13293899824595,6.397161756550319,276.79750447814234
200000002,Passenger,87.49598891451804,15.26231028562094,73.11782154300795,7.770947776562628,281.1986209486885
200000002,Passenger,87.6236463965924,15.264263303711347,73.1027039471533,6.045425029953855,275.5149323898876
200000002,Passenger,87.75130387866677,15.266216321801755,73.08758621066183,7.462636375356365,281.14318249860986
200000002,Passenger,87.87896136074114,15.268169339892163,73.07246833351333,7.486696836834959,280.09222816617336
200000002,Passenger,88.00661884281551,15.27012235798257,73.05735031568763,6.824192915124532,275.0246747921662
200000002,Passenger,88.13427632488988,15.272075376072978,73.04223215716455,6.199359704667596,273.47492177661593
200000002,Passenger,88.26193380696425,15.274028394163386,73.0271138579239,6.572484488238947,280.5705545114462
200000002,Passenger,88.38959128903862,15.275981412253794,73.01199541794549,6.945531174451788,284.46596537169773
200000002,Passenger,88.51724877111299,15.277934430344201,72.99687683720914,7.3073837213136805,275.7059761439364
200000002,Passenger,88.64490625318736,15.279887448434609,72.98175811569467,7.151506599173075,283.0310376624357
200000002,Passenger,88.77256373526173,15.281840466525017,72.96663925338189,7.093942520403033,273.97581507725664
200000002,Passenger,88.9002212173361,15.283793484615424,72.9515202502506,6.661820644947355,281.7540447728378
200000002,Passenger,89.02787869941046,15.285746502705832,72.9364011062806,7.416665075141953,275.30632471740375
200000002,Passenger,89.15553618148483,15.28769952079624,72.92128182145171,6.357170068119131,278.0471538111435
200000002,Passenger,89.2831936635592,15.289652538886648,72.90616239574375,6.530609873977523,276.48801078489294
200000003,Cargo,81.99299468291274,15.42477519503179,72.932019351469,14.995010002460962,95.00659805610707
200000003,Cargo,82.12478583327442,15.423086683497752,72.96470967617707,14.15535075831726,87.98806607587107
200000003,Cargo,82.2565769836361,15.421398171963714,72.99739973512291,14.437782353932812,91.8233218705625
200000003,Cargo,82.38836813399777,15.419709660429676,73.03008952833925,14.095304593947894,91.71057613201054
200000003,Cargo,82.52015928435945,15.418021148895638,73.06277905585877,14.440939855446963,95.41597267608056
200000003,Cargo,82.65195043472113,15.4163326373616,73.0954683177142,15.019149258356473,89.56795583827127
200000003,Cargo,82.78374158508281,15.414644125827563,73.12815731393823,14.064916274361222,96.057304056636
200000003,Cargo,82.91553273544449,15.412955614293525,73.16084604456358,13.984314477802391,95.56088915196818
200000003,Cargo,83.04732388580616,15.411267102759487,73.19353450962296,14.24298047773484,96.44414313710143
200000003,Cargo,83.17911503616784,15.409578591225449,73.22622270914907,14.16534389987055,90.65852071944215
200000003,Cargo,83.31090618652952,15.407890079691411,73.2589106431746,14.447965929108568,90.76955679425919
200000003,Cargo,83.4426973368912,15.406201568157373,73.29159831173226,14.369797580418007,93.59236360692377
200000003,Cargo,83.57448848725288,15.404513056623335,73.32428571485475,12.52135519267552,91.39720156872514
200000003,Cargo,83.70627963761456,15.402824545089297,73.35697285257477,13.403778908810454,93.34555475167836
200000003,Cargo,83.8250483029305,15.40130287796132,73.38497758113125,14.917292967640037,93.79961296041716
200000003,Cargo,83.95683945329218,15.399614366427283,73.41766421436134,14.15717780030346,93.88870482146433
200000003,Cargo,84.08863060365385,15.397925854893245,73.4503505822838,14.28536478432214,92.5274150941389
200000003,Cargo,84.22042175401553,15.396237343359207,73.48303668493135,14.060001350999414,91.419323027775
200000003,Cargo,84.35221290437721,15.394548831825169,73.51572252233667,14.945977221110793,90.295360011905
200000003,Cargo,84.48400405473889,15.392860320291131,73.54840809453246,14.830031795625795,93.02038808614579
200000003,Cargo,84.61579520510057,15.391171808757093,73.58109340155141,14.387979972811126,92.31689477807541
200000003,Cargo,84.74758635546225,15.389483297223055,73.6137784434262,14.583314125292528,92.55589996625962
200000003,Cargo,84.87937750582392,15.387794785689017,73.64646322018952,14.47174840842727,95.5469548641714
200000003,Cargo,85.0111686561856,15.38610627415498,73.67914773187407,13.961919184304072,91.04559940980401
200000003,Cargo,85.14295980654728,15.384417762620942,73.71183197851252,14.21187726000517,98.0445595194125
200000003,Cargo,85.27475095690896,15.382729251086904,73.74451596013756,15.084399801727592,92.19374145493968
200000003,Cargo,85.40654210727064,15.381040739552866,73.77719967678188,14.61881506674394,96.33063136953444
200000003,Cargo,85.53833325763232,15.379352228018828,73.80988312847813,15.52849489378102,91.86885829946671
200000003,Cargo,85.670124407994,15.37766371648479,73.84256631525903,14.62538883709799,94.24596926854005
200000003,Cargo,85.80191555835567,15.375975204950752,73.87524923715723,13.64474237624004,92.55372951071347
200000004,Passenger,96.03718079083545,15.239885274114867,72.90461215026798,9.340500381426539,71.59025845206554
200000004,Passenger,96.22449863825153,15.252653529956849,72.93370999945496,10.00539858815579,60.481480840799904
200000004,Passenger,96.41181648566761,15.26542178579883,72.96280961764512,10.099799854497352,67.33264425873824
200000004,Passenger,96.5991343330837,15.278190041640812,72.99191100649885,10.366825266070794,62.183607168754115
200000004,Passenger,96.78645218049978,15.290958297482794,73.02101416767705,9.300339576329446,63.18676321077609
200000004,Passenger,96.97377002791586,15.303726553324775,73.05011910284108,9.813427550089392,63.717327206753765
200000004,Passenger,97.16108787533194,15.316494809166757,73.07922581365278,10.179693716293928,67.685034060487
200000004,Passenger,97.34840572274803,15.329263065008739,73.10833430177449,10.33423058128924,65.47526196311816
200000004,Passenger,97.53572357016411,15.34203132085072,73.137444568869,10.315769755349988,65.78722849648958
200000004,Passenger,97.72304141758019,15.354799576692702,73.16655661659959,9.080690807091193,61.33115339186605
200000004,Passenger,97.91035926499627,15.367567832534684,73.19567044663005,9.172736580386752,67.86992111614325
200000004,Passenger,98.09767711241236,15.380336088376666,73.22478606062462,9.818726427442039,64.63820217486747
200000004,Passenger,98.28499495982844,15.393104344218647,73.25390346024805,9.641033066525363,64.07890725433025
200000004,Passenger,98.47231280724452,15.40587260006063,73.28302264716555,8.602977049199906,69.72063941182806
200000004,Passenger,98.6596306546606,15.418640855902611,73.31214362304283,11.015363974846538,68.19438068046212
200000004,Passenger,98.84694850207669,15.431409111744593,73.34126638954606,9.858290405710045,65.61351345799183
200000004,Passenger,99.03426634949277,15.444177367586574,73.37039094834194,10.782205073733765,67.72187216316271
200000004,Passenger,99.03904217272226,15.444502904814778,73.39152798848866,9.911622470227368,61.97861292893663
200000004,Passenger,99.22636002013834,15.45727116065676,73.42065438700462,10.147468441869654,64.9841102016711
200000004,Passenger,99.41367786755443,15.470039416498741,73.44978258119053,10.197604361325196,66.02031986558217
200000004,Passenger,99.60099571497051,15.482807672340723,73.47891257271456,9.892278881234015,64.27786173052901
200000004,Passenger,99.78831356238659,15.495575928182705,73.50804436324533,9.535632551611732,63.53173263507208
200000004,Passenger,99.97563140980267,15.508344184024686,73.53717795445196,9.796772850910063,65.1181402542749
200000004,Passenger,100.16294925721876,15.521112439866668,73.56631334800407,10.652806993104143,62.02530854958555
200000004,Passenger,100.35026710463484,15.53388069570865,73.59545054557175,9.17592742199298,65.13750750563493
200000004,Passenger,100.53758495205092,15.546648951550631,73.62458954882558,9.493636393244177,68.84736355415632
200000004,Passenger,100.724902799467,15.559417207392613,73.65373035943665,9.859269315144775,67.06760378052763
200000004,Passenger,100.91222064688309,15.572185463234595,73.68287297907652,9.95328834654049,66.2946084574405
200000004,Passenger,101.09953849429917,15.584953719076577,73.71201740941724,9.888250947035825,63.81725644468577
200000004,Passenger,101.28685634171525,15.597721974918558,73.74116365213138,8.74897488103313,71.64203593744922
200000004,Passenger,101.47417418913133,15.61049023076054,73.77031170889195,10.085268539756001,65.74063109634174
200000004,Passenger,101.66149203654741,15.623258486602522,73.79946158137253,9.182603780869778,62.38594522588995
200000004,Passenger,101.8488098839635,15.636026742444503,73.82861327124711,9.682025936353348,72.01950751330853
200000004,Passenger,102.03612773137958,15.648794998286485,73.85776678019022,10.135659458597868,71.77974526110187
200000004,Passenger,102.22344557879566,15.661563254128467,73.88692210987688,10.105763059473977,65.77118295737998
200000005,Fishing,76.25203616963915,15.661858027421006,73.87497392678829,16.66082384752743,276.78881720980786
200000005,Fishing,76.35623677246647,15.665096931834489,73.84649177554108,16.222976546130198,272.63490309432024
200000005,Fishing,76.4604373752938,15.668335836247971,73.8180091727254,16.54530676760184,274.8545469031659
200000005,Fishing,76.56463797812111,15.671574740661454,73.7895261182359,16.399108958329943,276.5102957939593
200000005,Fishing,76.59825677389854,15.672619725652561,73.77944930892777,15.17903665269684,274.7930594239426
200000005,Fishing,76.70245737672586,15.675858630066044,73.7509656568767,15.580436537413455,273.4044974242995
200000005,Fishing,76.80665797955318,15.679097534479526,73.72248155290711,16.484016725942407,273.6612057620853
200000005,Fishing,76.9108585823805,15.682336438893008,73.69399699691364,16.020309298094364,280.7523780507989
200000005,Fishing,77.01505918520782,15.68557534330649,73.66551198879091,15.82460068188468,273.63306142670086
200000005,Fishing,77.11925978803514,15.688814247719973,73.63702652843354,16.61082328937844,274.67772044917007
200000005,Fishing,77.22346039086246,15.692053152133456,73.60854061573613,16.12850432853616,277.68347722631813
200000005,Fishing,77.32766099368978,15.695292056546938,73.5800542505933,14.878125255757162,275.5365973260241
200000005,Fishing,77.4318615965171,15.69853096096042,73.55156743289965,15.325469969069225,274.4222436328939
200000006,Tanker,101.8616022793724,15.451658456029877,72.9112726016248,8.868121600711827,79.79790416006574
200000006,Tanker,102.0479274389009,15.454516904691605,72.9397695025736,9.231846482006269,84.3111097671634
200000006,Tanker,102.23425259842939,15.457375353353333,72.96826679661814,8.548169604060247,83.31922084733095
200000006,Tanker,102.42057775795789,15.460233802015061,72.99676448384021,7.980945854701454,82.60954201824535
200000006,Tanker,102.60690291748638,15.46309225067679,73.02526256432158,8.570856537939477,83.9021373585563
200000006,Tanker,102.79322807701487,15.465950699338517,73.05376103814405,8.355244199178106,85.37360103407117
200000006,Tanker,102.97955323654337,15.468809148000245,73.08225990538939,8.378250350133882,82.66116126520122
200000006,Tanker,103.16587839607186,15.471667596661973,73.11075916613942,9.216526611755567,80.76603619269042
200000006,Tanker,103.35220355560035,15.474526045323701,73.13925882047592,9.087947502553732,82.5639657514922
200000006,Tanker,103.53852871512885,15.47738449398543,73.16775886848072,8.913626122609227,80.59652781165357
200000006,Tanker,103.72485387465734,15.480242942647157,73.19625931023562,8.625201719977877,78.88260481987311
200000006,Tanker,103.91117903418584,15.483101391308885,73.22476014582243,9.154843602243712,82.43710706336506
200000006,Tanker,104.09750419371433,15.485959839970613,73.25326137532299,8.775359096076524,84.48031180822245
200000006,Tanker,104.28382935324282,15.488818288632341,73.28176299881912,8.957861727309256,86.4490312636177
200000006,Tanker,104.28532606535336,15.48884124996913,73.28854250509033,9.244885696659313,85.54635138336864
200000006,Tanker,104.47165122488185,15.491699698630859,73.31704452582974,8.71471971616135,83.73191501977543
200000006,Tanker,104.65797638441035,15.494558147292587,73.34554694072905,8.652762770001104,84.90937918153192
200000006,Tanker,104.84430154393884,15.497416595954315,73.37404974987011,9.414243659832623,85.08874803383212
200000006,Tanker,105.03062670346733,15.500275044616043,73.40255295333476,8.669975041422544,86.48595347138767
200000006,Tanker,105.21695186299583,15.50313349327777,73.43105655120488,8.832396884273951,80.07325120372242
200000006,Tanker,105.40327702252432,15.505991941939499,73.4595605435623,9.412256883142026,83.54592937854834
200000006,Tanker,105.58960218205281,15.508850390601227,73.4880649304889,8.755502389514405,82.77448062863385
200000006,Tanker,105.77592734158131,15.511708839262955,73.51656971206656,8.621363602424971,86.12259410682697
200000006,Tanker,105.9622525011098,15.514567287924683,73.54507488837714,9.715076483264248,83.44196355712481
200000006,Tanker,106.1485776606383,15.51742573658641,73.57358045950254,9.173706695926747,88.37999752154387
200000006,Tanker,106.33490282016679,15.520284185248139,73.60208642552463,8.375757756583356,84.72187041428764
200000006,Tanker,106.52122797969528,15.523142633909867,73.63059278652533,8.888270439629725,85.58946674977618
200000006,Tanker,106.70755313922378,15.526001082571595,73.6590995425865,8.60054048737151,84.57798086603819
200000006,Tanker,106.89387829875227,15.528859531233323,73.68760669379007,8.76731527057812,83.88106511343801
200000006,Tanker,107.08020345828076,15.53171797989505,73.71611424021795,9.571832255240608,84.86159905916682
200000006,Tanker,107.26652861780926,15.534576428556779,73.74462218195205,8.031805364897828,84.9993788959926
200000006,Tanker,107.45285377733775,15.537434877218507,73.77313051907429,8.068790404547697,81.01136271830238
200000006,Tanker,107.63917893686624,15.540293325880235,73.80163925166659,9.138030662797672,81.54076338569786
200000006,Tanker,107.82550409639474,15.543151774541963,73.83014837981088,8.560111075172859,85.11612392471731
200000006,Tanker,108.01182925592323,15.546010223203691,73.8586579035891,8.481275811618616,84.71331436935593
200000006,Tanker,108.19815441545173,15.548868671865419,73.8871678230832,8.157261852035793,79.6621007805463
200000007,Tanker,80.55486791374011,14.903763324834614,73.35438989136985,10.402968791146515,311.2648260277609
200000007,Tanker,80.73684839501149,14.925399227102202,73.32660796402061,10.859468808639546,309.7921279760694
200000007,Tanker,80.91882887628287,14.947035129369791,73.29882323800274,11.32829676632856,304.9919643821375
200000007,Tanker,81.10080935755425,14.96867103163738,73.27103570878955,11.617516077261588,307.5288053945383
200000007,Tanker,81.28278983882564,14.990306933904968,73.24324537185221,10.163052226272944,311.9929505087655
200000007,Tanker,81.46477032009702,15.011942836172556,73.21545222265968,12.305054946321917,308.47368657608615
200000007,Tanker,81.6467508013684,15.033578738440145,73.18765625667875,12.049075751259009,311.293444650029
200000007,Tanker,81.76104858826945,15.04716775485284,73.16459263018844,10.608238914339452,308.99608355105096
200000007,Tanker,81.94302906954083,15.068803657120428,73.13679206855483,11.681745567313559,305.31587761593664
200000007,Tanker,82.12500955081221,15.090439559388017,73.1089886782088,10.960138278390897,311.5673986077217
200000007,Tanker,82.30699003208359,15.112075461655605,73.08118245460922,11.456676490455644,307.8859416486267
200000007,Tanker,82.48897051335497,15.133711363923194,73.05337339321275,11.150910445762005,303.44039684606093
200000007,Tanker,82.67095099462635,15.155347266190782,73.02556148947386,12.418729842641415,313.54552371181217
200000007,Tanker,82.85293147589773,15.17698316845837,72.9977467388448,12.241720995064082,308.36630019714613
200000007,Tanker,83.03491195716911,15.19861907072596,72.96992913677562,10.920825876942832,307.11603022547337
200000007,Tanker,83.2168924384405,15.220254972993548,72.94210867871416,11.804451396036011,301.976522421272
200000007,Tanker,83.39887291971188,15.241890875261136,72.91428536010605,12.495910627364873,307.5691638934445
200000008,Tug,72.16042472792935,15.677897069204391,73.63499885590146,15.93561583793768,165.2681047574507
200000008,Tug,72.3147407799243,15.640098626648214,73.64692877271406,15.818727553183237,163.20179411354454
200000008,Tug,72.4009228699702,15.618989035404415,73.65333782619712,15.94369663579409,165.3951132991701
200000008,Tug,72.55523892196516,15.581190592848237,73.66526431642397,15.224189346266039,170.16193122764045
200000008,Tug,72.70955497396011,15.54339215029206,73.67718861564997,15.312385518886039,163.83639418820923
200000008,Tug,72.86387102595506,15.505593707735883,73.68911072986768,14.640229164233089,152.5140383041424
200000008,Tug,73.01818707795002,15.467795265179706,73.7010306650645,15.65602428671401,163.12196411149228
200000008,Tug,73.17250312994497,15.42999682262353,73.71294842722261,15.907563194344082,161.34107702869616
200000008,Tug,73.32681918193992,15.392198380067352,73.72486402231908,15.133663391536196,166.92413965335595
200000008,Tug,73.48113523393488,15.354399937511175,73.73677745632578,16.2167121886474,167.34774008983763
200000008,Tug,73.63545128592983,15.316601494954998,73.7486887352095,14.850514198896423,164.47121115076428
200000008,Tug,73.78976733792479,15.278803052398821,73.76059786493188,15.259883701894221,167.48652408349568
200000008,Tug,73.94408338991974,15.241004609842644,73.7725048514495,15.400454981782463,161.95112624251215
200000008,Tug,74.0983994419147,15.203206167286467,73.78440970071381,15.878938297891898,161.47362639089513
200000008,Tug,74.25271549390965,15.16540772473029,73.79631241867123,15.952680946136052,165.42140442453976
200000008,Tug,74.4070315459046,15.127609282174113,73.80821301126315,14.946390169993242,164.83530824639175
200000008,Tug,74.56134759789956,15.089810839617936,73.82011148442588,15.781412872078064,162.61533401609495
200000008,Tug,74.71566364989451,15.052012397061759,73.83200784409074,16.80370952918068,161.87340757270567
200000008,Tug,74.86997970188946,15.014213954505582,73.84390209618407,15.05052835894815,162.3673256677281
200000008,Tug,75.02429575388442,14.976415511949405,73.85579424662718,15.717591909688545,166.54094057649786
200000008,Tug,75.17861180587937,14.938617069393228,73.86768430133647,15.228600938885029,163.01045519574677
200000008,Tug,75.33292785787432,14.90081862683705,73.87957226622332,15.761489465336474,164.37374167327394
200000009,Fishing,100.79479264546819,15.448346598160255,73.8945708464291,9.5754803756695,285.3898626899551
200000009,Fishing,100.973832137593,15.456607137331394,73.86259436479031,10.427910053026437,281.8664892100123
200000009,Fishing,101.15287162971782,15.464867676502534,73.83061660801577,9.75258342784005,278.2448642279522
200000009,Fishing,101.33191112184264,15.473128215673674,73.79863757533903,10.72032298229537,285.46620718357707
200000009,Fishing,101.51095061396745,15.481388754844813,73.7666572659935,10.279581234677426,284.66271343161316
200000009,Fishing,101.68999010609227,15.489649294015953,73.73467567921244,10.6008201215065,291.46719032541375
200000009,Fishing,101.86902959821708,15.497909833187093,73.70269281422898,11.520642608617775,282.4177467371401
200000009,Fishing,102.0480690903419,15.506170372358232,73.67070867027608,10.495973048107402,286.84700805439945
200000009,Fishing,102.22710858246671,15.514430911529372,73.6387232465866,10.759777003299213,288.58212856437666
200000009,Fishing,102.40614807459153,15.522691450700512,73.60673654239318,10.79884554363823,286.9334905096939
200000009,Fishing,102.58518756671634,15.530951989871651,73.57474855692838,11.167045679481639,281.91880330426363
200000009,Fishing,102.76422705884116,15.539212529042791,73.54275928942461,10.176746922855354,285.48545374649916
200000009,Fishing,102.94326655096597,15.54747306821393,73.5107687391141,11.159117712861404,282.71531358405747
200000009,Fishing,103.12230604309079,15.55573360738507,73.47877690522895,10.70465832123397,283.89596081626826
200000009,Fishing,103.3013455352156,15.56399414655621,73.44678378700112,10.745608241402005,286.9676638181904
200000009,Fishing,103.48038502734042,15.57225468572735,73.41478938366242,11.000147791428168,280.42426027035646
200000009,Fishing,103.65942451946523,15.58051522489849,73.38279369444452,11.11476479967498,287.8192198289
200000009,Fishing,103.83846401159005,15.588775764069629,73.35079671857893,10.863583020789301,289.8545156225628
200000009,Fishing,104.01750350371486,15.597036303240769,73.31879845529703,11.476092677381573,287.3351846095939
200000009,Fishing,104.19654299583968,15.605296842411908,73.28679890383003,11.549630710711764,284.1318957334521
200000009,Fishing,104.3755824879645,15.613557381583048,73.25479806340903,11.072988210001242,290.2080181855289
200000009,Fishing,104.55462198008931,15.621817920754188,73.22279593326495,11.107412980615303,290.52314218016545
200000009,Fishing,104.73366147221412,15.630078459925327,73.19079251262858,11.25013808531216,282.3619704018167
200000009,Fishing,104.91270096433894,15.638338999096467,73.15878780073055,10.888183305388525,285.98327480321717
200000009,Fishing,105.09174045646375,15.646599538267607,73.12678179680137,11.36124526165574,285.46788939955974
200000009,Fishing,105.27077994858857,15.654860077438746,73.09477450007137,10.33354307457405,286.66117368826286
200000009,Fishing,105.44981944071338,15.663120616609886,73.06276590977076,11.046077423890399,286.46152116180565
200000009,Fishing,105.6288589328382,15.671381155781026,73.03075602512959,10.464309836098117,282.82732651052044
200000009,Fishing,105.80789842496301,15.679641694952165,72.99874484537776,10.377776293546466,283.85490134343814
200000009,Fishing,105.96832294378189,15.687043374916579,72.94505812091332,11.19031626389968,286.050456776621
200000009,Fishing,106.1473624359067,15.695303914087718,72.91304448347974,11.278786734885905,290.6811864596471
200000010,Cargo,82.30279704206967,15.690791525936142,72.9754801518741,11.919194925815821,138.55959154280927
200000010,Cargo,82.43799261396055,15.670314914742251,72.99317052603976,11.457704501147663,139.38473419518706
200000010,Cargo,82.57318818585142,15.64983830354836,73.01085912793901,11.610852594511226,141.9430165345624
200000010,Cargo,82.7083837577423,15.62936169235447,73.02854596018572,11.520338166609378,136.19075453728956
200000010,Cargo,82.84357932963317,15.60888508116058,73.0462310253925,11.298149365087943,140.0828863571468
200000010,Cargo,82.97877490152405,15.588408469966689,73.06391432617076,11.293587163363753,144.2114774509744
200000010,Cargo,83.11397047341492,15.567931858772798,73.08159586513065,12.285721891474317,145.70107769607938
200000010,Cargo,83.2491660453058,15.547455247578908,73.0992756448811,11.903846109374786,137.60619845365738
200000010,Cargo,83.38436161719667,15.526978636385017,73.11695366802982,11.743560624045585,143.9784878600458
200000010,Cargo,83.51955718908755,15.506502025191127,73.13462993718328,11.895337414980919,136.855663060411
200000010,Cargo,83.65475276097843,15.486025413997236,73.15230445494672,11.094673249019822,146.40653082672742
200000010,Cargo,83.7899483328693,15.465548802803346,73.16997722392418,11.84504516954563,142.10247844942805
200000010,Cargo,83.92514390476018,15.445072191609455,73.18764824671848,11.645642015836742,140.08750527572084
200000010,Cargo,84.06033947665105,15.424595580415565,73.2053175259312,12.359836346219403,139.48530324703373
200000010,Cargo,84.19553504854193,15.404118969221674,73.22298506416274,11.342633812317677,142.23604181156196
200000010,Cargo,84.3307306204328,15.383642358027783,73.24065086401225,11.193075915669851,145.12422752366487
200000010,Cargo,84.46592619232368,15.363165746833893,73.25831492807768,11.933914890710298,142.43838870894749
200000010,Cargo,84.60112176421455,15.342689135640002,73.27597725895579,12.020395759066952,144.0476024458747
200000010,Cargo,84.73631733610543,15.322212524446112,73.29363785924211,11.830495407668545,143.62231407548626
200000010,Cargo,84.8715129079963,15.301735913252221,73.31129673153096,12.015210573716926,143.37439539901328
200000010,Cargo,85.00670847988718,15.28125930205833,73.32895387841549,11.495371175799558,146.90462318732685
200000010,Cargo,85.14190405177806,15.26078269086444,73.34660930248762,12.075755174161907,144.04174293939263
200000010,Cargo,85.27709962366893,15.24030607967055,73.36426300633808,11.560505019112242,140.9900874599335
200000010,Cargo,85.4122951955598,15.219829468476659,73.3819149925564,11.107092614733606,141.8039870750259
200000010,Cargo,85.54749076745068,15.199352857282769,73.39956526373093,12.20011683833045,136.3574797049005
200000010,Cargo,85.68268633934156,15.178876246088878,73.41721382244883,12.562829789976151,135.79970352605486
200000010,Cargo,85.81788191123243,15.158399634894987,73.43486067129604,11.969448819423468,139.6426480691428
200000010,Cargo,85.95307748312331,15.137923023701097,73.45250581285732,12.055018674293727,140.69320130847038
200000010,Cargo,86.08827305501418,15.117446412507206,73.47014924971627,11.661300470978638,139.63140978902152
200000010,Cargo,86.22346862690506,15.096969801313316,73.48779098445529,12.369883986293116,140.0918052353263
200000010,Cargo,86.35866419879594,15.076493190119425,73.50543101965557,12.482334747600369,143.8708089123719
200000010,Cargo,86.49385977068681,15.056016578925535,73.52306935789719,11.745232300142524,141.56773990409985
200000010,Cargo,86.62905534257769,15.035539967731644,73.54070600175896,12.167105071377211,135.43327933863972
200000010,Cargo,86.76425091446856,15.015063356537754,73.5583409538186,11.64412548966868,142.99479274212095
200000010,Cargo,86.89944648635944,14.994586745343863,73.57597421665261,12.490281337840482,142.89465204018686
200000010,Cargo,87.03464205825031,14.974110134149972,73.59360579283633,12.374281758361265,140.75742923875666
200000010,Cargo,87.16983763014119,14.953633522956082,73.6112356849439,10.978518462955394,141.3976463487161
200000010,Cargo,87.24624173697974,14.942061419169912,73.60673266016651,11.640997988928419,139.05717310581568
200000010,Cargo,87.38143730887062,14.921584807976021,73.62435992162774,11.414389849418743,142.0635309062831
200000010,Cargo,87.51663288076149,14.90110819678213,73.6419855056106,11.364938864922179,139.15905435224465
200000011,Tug,87.97941893073951,15.503664399915474,73.89097887209793,7.242343790492076,263.1552344202768
200000011,Tug,88.1610292229692,15.500930257804482,73.86686459302764,7.449000868520455,262.824673138327
200000011,Tug,88.3426395151989,15.49819611569349,73.84275063307095,8.189969946270068,263.0393402488578
200000011,Tug,88.52424980742859,15.495461973582499,73.8186369921645,7.841848696977176,266.02406825709784
200000011,Tug,88.70586009965828,15.492727831471507,73.79452367024494,7.772127819895161,263.24843295040614
200000011,Tug,88.88747039188797,15.489993689360515,73.77041066724892,7.997310536374982,263.6176785611808
200000011,Tug,89.06908068411767,15.487259547249524,73.74629798311311,7.962378322879465,263.25755838010633
200000011,Tug,89.25069097634736,15.484525405138532,73.72218561777414,8.105993355063044,259.35915780797023
200000011,Tug,89.43230126857705,15.48179126302754,73.6980735711687,7.804806486952579,268.4262132959164
200000011,Tug,89.61391156080674,15.479057120916549,73.67396184323346,8.382089963102224,259.0515782699456
200000011,Tug,89.79552185303643,15.476322978805557,73.64985043390507,6.236602121468014,262.2684060084019
200000011,Tug,89.97713214526613,15.473588836694566,73.62573934312022,8.013965943554036,262.59856521407914
200000011,Tug,90.10179846721662,15.471711985793153,73.61113585048139,8.328120894536537,264.386227980943
200000011,Tug,90.28340875944632,15.468977843682161,73.58702529676073,7.776413290210286,265.089903510529
200000011,Tug,90.46501905167601,15.46624370157117,73.5629150614135,7.1639538681998305,257.38579769374985
200000011,Tug,90.6466293439057,15.463509559460178,73.53880514437641,8.049924655766123,263.7813981103028
200000011,Tug,90.8282396361354,15.460775417349186,73.51469554558615,7.412395401548667,260.20132322980476
200000011,Tug,91.00984992836509,15.458041275238195,73.4905862649794,6.770489869585254,264.64474215634783
200000011,Tug,91.19146022059478,15.455307133127203,73.46647730249288,7.601390436726471,257.47321922440943
200000011,Tug,91.37307051282447,15.452572991016211,73.44236865806327,7.478262611488923,263.9990474459519
200000011,Tug,91.55468080505416,15.44983884890522,73.41826033162731,7.7267317586314155,256.4420748799509
200000011,Tug,91.73629109728385,15.447104706794228,73.3941523231217,8.038841341383328,259.3076881241062
200000011,Tug,91.91790138951355,15.444370564683236,73.37004463248317,7.846179706371847,262.9517018575908
200000011,Tug,92.09951168174324,15.441636422572245,73.34593725964842,7.454883192607135,265.15578986995524
200000011,Tug,92.28112197397293,15.438902280461253,73.32183020455419,8.330728795887339,265.70806497077115
200000011,Tug,92.46273226620262,15.436168138350261,73.2977234671372,8.373560024925094,264.43006315568255
200000011,Tug,92.64434255843231,15.43343399623927,73.2736170473342,8.168877095195535,261.39196300521024
200000011,Tug,92.825952850662,15.430699854128278,73.24951094508192,7.227319850209311,264.05215456847685
200000011,Tug,93.0075631428917,15.427965712017286,73.22540516031711,7.453362883524657,263.02062182522087
200000011,Tug,93.18917343512139,15.425231569906295,73.20129969297649,7.758679824931809,261.61348583902225
200000011,Tug,93.37078372735108,15.422497427795303,73.17719454299683,7.5586413251686215,266.407399502262
200000011,Tug,93.55239401958077,15.419763285684311,73.15308971031487,6.989223425784631,263.6249012911419
200000011,Tug,93.73400431181047,15.41702914357332,73.12898519486738,8.287004568061013,263.5717967710759
200000011,Tug,93.91561460404016,15.414295001462328,73.10488099659112,7.950915149088988,265.660769593708
200000011,Tug,94.09722489626985,15.411560859351336,73.08077711542286,7.233397660783897,261.691067312736
200000011,Tug,94.27883518849954,15.408826717240345,73.05667355129935,7.053527346396923,262.97653090696804
200000011,Tug,94.46044548072923,15.406092575129353,73.03257030415739,8.18253704052109,259.5900191734848
200000011,Tug,94.64205577295893,15.403358433018361,73.00846737393373,8.605132156704276,260.53034116109956
200000011,Tug,94.82366606518862,15.40062429090737,72.98436476056516,7.928931251879982,259.01048310363
200000011,Tug,95.00527635741831,15.397890148796378,72.96026246398847,7.80239238665382,259.7746571151214
200000011,Tug,95.186886649648,15.395156006685387,72.93616048414046,7.736156879771205,260.1650038822235
200000011,Tug,95.3684969418777,15.392421864574395,72.9120588209579,7.492396989569878,262.7910107280095
200000012,Tug,81.19104934165883,15.686672750632866,73.12399545065536,17.157596635112935,206.38009565136937
200000012,Tug,81.32270874567834,15.654461126215605,73.10864093836328,16.838719467785904,204.76183918071553
200000012,Tug,81.45436814969786,15.622249501798343,73.09328884229014,16.82976571768549,196.96692729598516
200000012,Tug,81.58602755371737,15.590037877381082,73.07793915682484,15.200597245192185,204.53713633819467
200000012,Tug,81.71768695773689,15.557826252963821,73.06259187636044,16.634157532709178,206.85916530591808
200000012,Tug,81.8493463617564,15.52561462854656,73.04724699529417,16.70769103349596,208.1202891402035
200000012,Tug,81.98100576577592,15.493403004129298,73.0319045080274,15.753405173251306,204.4796021562555
200000012,Tug,82.11266516979543,15.461191379712037,73.0165644089656,16.10291138209296,203.21172804057244
200000012,Tug,82.24432457381495,15.428979755294776,73.00122669251844,15.884081862764411,205.76103621339337
200000012,Tug,82.37598397783447,15.396768130877515,72.98589135309962,16.54976232187804,204.7102878336653
200000012,Tug,82.50764338185398,15.364556506460254,72.97055838512698,17.244565571973606,205.52400771329752
200000012,Tug,82.51208206014512,15.363470545004827,72.98142392297935,15.557077889635158,210.91360522657934
200000012,Tug,82.64374146416463,15.331258920587565,72.96609340053897,15.477936306254492,202.89717823097848
200000012,Tug,82.77540086818415,15.299047296170304,72.95076523820482,16.387755329970084,201.14049202388958
200000012,Tug,82.90706027220367,15.266835671753043,72.93543943040713,15.606278204279995,201.64661317120868
200000012,Tug,83.03871967622318,15.234624047335782,72.92011597158013,16.512782929669854,203.7726182942872
200000012,Tug,83.1703790802427,15.20241242291852,72.90479485616211,15.944622760780858,203.52132064399612
200000013,Cargo,105.73216160381499,15.688767420173619,73.5277542415721,15.206600608169866,198.10305216636363
200000013,Cargo,105.88421335532058,15.65218527832576,73.51790192743249,15.542207443167985,190.9471059380929
200000013,Cargo,106.03626510682618,15.615603136477901,73.50805137348515,15.316370835308334,198.10454643662496
200000013,Cargo,106.18831685833177,15.579020994630042,73.49820257508705,14.936461806825003,196.95154955440836
200000013,Cargo,106.34036860983737,15.542438852782183,73.48835552759907,15.438573063063838,193.0046633143168
200000013,Cargo,106.49242036134297,15.505856710934324,73.47851022638599,14.380812169332502,198.3664227119033
200000013,Cargo,106.64447211284856,15.469274569086465,73.4686666668165,15.022770829583084,197.29289751379378
200000013,Cargo,106.79652386435416,15.432692427238607,73.45882484426315,15.037650065905943,197.21400149662426
200000013,Cargo,106.94857561585975,15.396110285390748,73.44898475410236,15.412676275754146,197.8898929922057
200000013,Cargo,107.10062736736535,15.359528143542889,73.43914639171437,14.21489515370868,197.22236206316026
200000013,Cargo,107.25267911887094,15.32294600169503,73.42930975248333,14.927627778584167,197.03505296643306
200000013,Cargo,107.40473087037654,15.286363859847171,73.41947483179716,15.25558754515473,191.2101915591689
200000013,Cargo,107.55678262188214,15.249781717999312,73.40964162504763,15.349510657942528,190.49317370732786
200000013,Cargo,107.70883437338773,15.213199576151453,73.39981012763029,14.654440862527233,199.6417245416935
200000013,Cargo,107.86088612489333,15.176617434303594,73.3899803349445,15.1296366840281,197.33227393052664
200000013,Cargo,108.01293787639892,15.140035292455735,73.38015224239341,14.233838627360997,196.53139428584993
200000013,Cargo,108.10543843277156,15.117780576934985,73.43987706089928,14.972984410843639,196.41153534179477
200000013,Cargo,108.25749018427716,15.081198435087126,73.43005169312569,14.911362682227052,196.80233303539075
200000013,Cargo,108.40954193578276,15.044616293239267,73.42022801351429,15.04389670919699,197.86658048840243
200000013,Cargo,108.56159368728835,15.008034151391408,73.41040601748178,15.587596156919618,196.62916696645692
200000013,Cargo,108.71364543879395,14.97145200954355,73.40058570044857,15.40195932664617,195.1523853339792
200000013,Cargo,108.86569719029954,14.93486986769569,73.39076705783881,15.168407242068458,195.29014381235
200000014,Passenger,75.51635343181141,14.922996153721204,73.09827773447802,12.662938936984172,335.28540347034965
200000014,Passenger,75.64172510071622,14.94742251367919,73.08733068894519,12.639133439316721,337.0155802439689
200000014,Passenger,75.76709676962102,14.971848873637175,73.07638239635934,13.437657846864361,334.14523531233334
200000014,Passenger,75.89246843852582,14.99627523359516,73.06543285444602,12.794393206429842,339.323659328946
200000014,Passenger,75.91796127522386,15.001242043170077,73.06188053259883,12.899458517632208,339.45770847149356
200000014,Passenger,76.04333294412866,15.025668403128062,73.05092948430523,12.781779786121751,335.9251308514125
200000014,Passenger,76.16870461303347,15.050094763086047,73.03997718166842,13.222648412485096,344.4517838829472
200000014,Passenger,76.29407628193827,15.074521123044033,73.02902362241,12.548439402506645,339.7164972562687
200000014,Passenger,76.41944795084308,15.098947483002018,73.0180688042503,13.83695638333263,338.427626330534
200000014,Passenger,76.54481961974788,15.123373842960003,73.00711272490847,13.261064967745712,337.92098200998754
200000014,Passenger,76.67019128865269,15.147800202917988,72.99615538210233,13.052313878829851,340.3407439795043
200000014,Passenger,76.7955629575575,15.172226562875974,72.98519677354851,12.851513507712841,341.26548226480065
200000014,Passenger,76.9209346264623,15.196652922833959,72.97423689696237,12.435106093567716,338.1233852100037
200000014,Passenger,77.0463062953671,15.221079282791944,72.96327575005802,12.887204102093566,344.3581625432938
200000014,Passenger,77.17167796427191,15.24550564274993,72.9523133305483,13.413225885580362,336.9973907161581
200000014,Passenger,77.29704963317671,15.269932002707915,72.94134963614479,12.736845946476734,335.2569002942864
200000014,Passenger,77.42242130208152,15.2943583626659,72.93038466455785,12.749976577582183,334.399204503366
200000014,Passenger,77.54779297098632,15.318784722623885,72.91941841349653,13.00206402238456,335.54376199147384
200000014,Passenger,77.67316463989113,15.34321108258187,72.90845088066861,12.44912677669106,336.3037782587043
999999999,Tanker,84.10000000000008,14.949393163905448,73.29820230685513,12.709520152272114,184.3643107540965
999999999,Tanker,84.25000000000009,14.918731136784428,73.29699936073169,12.587398314256815,177.72151312018036
